id,categories
0,5
1,5
2,8
3,7
4,10
5,8
6,5
7,8
8,6
9,10
10,10
11,1
12,10
13,7
14,7
15,7
16,10
17,8
18,8
19,9
20,10
21,1
22,7
23,5
24,10
25,8
26,6
27,3
28,5
29,8
30,10
31,10
32,5
33,10
34,10
35,6
36,10
37,7
38,1
39,1
40,1
41,1
42,8
43,10
44,1
45,7
46,7
47,8
48,1
49,10
50,8
51,10
52,2
53,8
54,10
55,1
56,8
57,1
58,10
59,7
60,7
61,1
62,8
63,1
64,10
65,10
66,7
67,8
68,10
69,1
70,10
71,5
72,8
73,6
74,1
75,10
76,5
77,1
78,8
79,8
80,10
81,1
82,10
83,8
84,10
85,1
86,10
87,10
88,2
89,8
90,8
91,8
92,0
93,1
94,5
95,10
96,5
97,1
98,6
99,8
100,1
101,6
102,2
103,1
104,6
105,1
106,10
107,10
108,10
109,1
110,10
111,1
112,5
113,5
114,8
115,1
116,7
117,10
118,7
119,10
120,10
121,1
122,1
123,1
124,5
125,8
126,5
127,1
128,10
129,10
130,1
131,1
132,10
133,10
134,1
135,1
136,10
137,8
138,8
139,2
140,10
141,10
142,10
143,6
144,8
145,8
146,1
147,10
148,8
149,5
150,6
151,8
152,2
153,8
154,2
155,5
156,8
157,6
158,5
159,7
160,8
161,1
162,8
163,7
164,10
165,1
166,10
167,10
168,10
169,1
170,8
171,10
172,1
173,1
174,1
175,8
176,10
177,10
178,10
179,10
180,5
181,6
182,6
183,1
184,10
185,5
186,1
187,10
188,10
189,10
190,10
191,10
192,7
193,1
194,1
195,10
196,5
197,1
198,10
199,10
200,5
201,10
202,6
203,5
204,1
205,10
206,3
207,7
208,1
209,10
210,8
211,10
212,8
213,7
214,1
215,10
216,7
217,10
218,7
219,1
220,5
221,6
222,10
223,5
224,10
225,10
226,10
227,5
228,10
229,1
230,10
231,10
232,10
233,10
234,7
235,10
236,10
237,8
238,10
239,1
240,10
241,7
242,8
243,10
244,10
245,1
246,5
247,6
248,10
249,1
250,1
251,1
252,10
253,6
254,10
255,10
256,2
257,6
258,5
259,10
260,1
261,10
262,1
263,10
264,5
265,7
266,1
267,3
268,8
269,8
270,1
271,10
272,5
273,10
274,1
275,6
276,1
277,1
278,1
279,8
280,6
281,10
282,8
283,5
284,10
285,10
286,10
287,8
288,10
289,8
290,3
291,1
292,1
293,10
294,6
295,8
296,10
297,5
298,5
299,8
300,10
301,1
302,4
303,10
304,2
305,8
306,8
307,8
308,8
309,1
310,6
311,10
312,10
313,1
314,5
315,8
316,5
317,8
318,10
319,10
320,1
321,10
322,10
323,8
324,1
325,10
326,8
327,2
328,8
329,8
330,8
331,7
332,5
333,5
334,6
335,6
336,6
337,8
338,7
339,8
340,10
341,10
342,8
343,10
344,10
345,10
346,10
347,10
348,8
349,6
350,5
351,5
352,6
353,10
354,1
355,5
356,10
357,8
358,6
359,1
360,6
361,10
362,10
363,7
364,10
365,6
366,10
367,1
368,10
369,1
370,5
371,1
372,10
373,10
374,1
375,8
376,8
377,1
378,1
379,8
380,5
381,5
382,2
383,8
384,1
385,10
386,1
387,10
388,1
389,10
390,5
391,5
392,10
393,10
394,1
395,1
396,10
397,1
398,8
399,6
400,8
401,3
402,10
403,10
404,7
405,10
406,6
407,0
408,7
409,7
410,1
411,10
412,10
413,10
414,10
415,10
416,3
417,8
418,1
419,6
420,6
421,5
422,5
423,10
424,10
425,1
426,10
427,1
428,1
429,5
430,5
431,7
432,10
433,8
434,10
435,6
436,10
437,1
438,10
439,10
440,10
441,1
442,7
443,10
444,1
445,10
446,10
447,8
448,1
449,8
450,5
451,8
452,6
453,7
454,2
455,1
456,1
457,1
458,10
459,1
460,5
461,7
462,8
463,8
464,2
465,6
466,1
467,2
468,10
469,10
470,6
471,1
472,6
473,1
474,4
475,8
476,10
477,8
478,1
479,10
480,10
481,1
482,10
483,6
484,10
485,10
486,5
487,10
488,10
489,5
490,8
491,10
492,6
493,7
494,10
495,8
496,10
497,1
498,6
499,1
500,10
501,8
502,1
503,7
504,10
505,8
506,8
507,10
508,8
509,6
510,8
511,10
512,10
513,5
514,1
515,10
516,1
517,6
518,10
519,1
520,8
521,1
522,6
523,10
524,8
525,7
526,8
527,10
528,10
529,5
530,10
531,10
532,8
533,1
534,10
535,8
536,10
537,10
538,10
539,6
540,7
541,1
542,1
543,5
544,7
545,8
546,8
547,10
548,6
549,8
550,8
551,7
552,5
553,1
554,8
555,1
556,7
557,10
558,7
559,7
560,8
561,8
562,10
563,8
564,6
565,10
566,10
567,2
568,10
569,10
570,10
571,10
572,1
573,8
574,6
575,10
576,1
577,10
578,5
579,10
580,6
581,10
582,6
583,8
584,10
585,8
586,1
587,10
588,8
589,7
590,8
591,10
592,6
593,9
594,1
595,7
596,10
597,10
598,10
599,10
600,10
601,6
602,10
603,1
604,10
605,1
606,1
607,10
608,10
609,8
610,10
611,7
612,10
613,6
614,10
615,10
616,6
617,10
618,10
619,1
620,7
621,10
622,10
623,10
624,1
625,2
626,8
627,10
628,8
629,7
630,1
631,10
632,8
633,6
634,10
635,7
636,10
637,10
638,10
639,10
640,6
641,1
642,7
643,8
644,10
645,10
646,7
647,6
648,10
649,7
650,6
651,0
652,1
653,1
654,10
655,7
656,1
657,10
658,1
659,10
660,1
661,1
662,5
663,8
664,5
665,10
666,10
667,10
668,7
669,10
670,10
671,5
672,1
673,7
674,10
675,5
676,7
677,1
678,1
679,6
680,10
681,5
682,7
683,10
684,5
685,10
686,7
687,6
688,10
689,10
690,5
691,3
692,7
693,1
694,1
695,8
696,8
697,10
698,1
699,10
700,10
701,10
702,10
703,10
704,1
705,10
706,6
707,1
708,10
709,1
710,8
711,6
712,7
713,1
714,9
715,10
716,10
717,6
718,8
719,10
720,10
721,10
722,1
723,10
724,1
725,3
726,10
727,10
728,7
729,6
730,8
731,6
732,1
733,4
734,10
735,7
736,6
737,6
738,1
739,1
740,10
741,5
742,10
743,10
744,10
745,8
746,10
747,1
748,6
749,10
750,8
751,10
752,1
753,8
754,8
755,10
756,1
757,10
758,6
759,8
760,10
761,10
762,1
763,5
764,8
765,7
766,5
767,8
768,8
769,5
770,1
771,1
772,8
773,10
774,6
775,1
776,5
777,8
778,6
779,10
780,7
781,10
782,1
783,7
784,10
785,5
786,8
787,3
788,8
789,10
790,10
791,10
792,8
793,10
794,5
795,10
796,10
797,8
798,8
799,7
800,5
801,10
802,7
803,10
804,8
805,5
806,6
807,1
808,10
809,1
810,10
811,10
812,10
813,10
814,1
815,10
816,5
817,10
818,5
819,8
820,10
821,10
822,3
823,10
824,8
825,10
826,8
827,5
828,8
829,1
830,2
831,10
832,10
833,8
834,1
835,8
836,0
837,10
838,8
839,10
840,7
841,6
842,8
843,1
844,6
845,8
846,1
847,1
848,10
849,8
850,1
851,5
852,10
853,10
854,1
855,1
856,5
857,10
858,10
859,10
860,8
861,5
862,8
863,1
864,8
865,9
866,10
867,7
868,10
869,6
870,8
871,10
872,10
873,1
874,7
875,1
876,1
877,10
878,8
879,1
880,10
881,8
882,1
883,10
884,10
885,8
886,10
887,10
888,2
889,1
890,3
891,10
892,8
893,10
894,1
895,1
896,1
897,7
898,3
899,10
900,1
901,8
902,8
903,10
904,8
905,10
906,6
907,10
908,5
909,7
910,10
911,10
912,8
913,10
914,3
915,10
916,8
917,1
918,10
919,1
920,6
921,7
922,1
923,6
924,1
925,5
926,8
927,10
928,10
929,10
930,1
931,10
932,8
933,10
934,1
935,10
936,6
937,1
938,5
939,1
940,8
941,10
942,10
943,1
944,6
945,10
946,10
947,1
948,6
949,5
950,10
951,1
952,8
953,9
954,7
955,10
956,8
957,1
958,8
959,7
960,7
961,5
962,10
963,9
964,10
965,8
966,10
967,10
968,5
969,5
970,1
971,7
972,10
973,8
974,8
975,10
976,8
977,6
978,10
979,2
980,10
981,1
982,10
983,1
984,10
985,6
986,1
987,10
988,10
989,1
990,2
991,1
992,6
993,3
994,1
995,1
996,7
997,8
998,10
999,7
1000,5
1001,1
1002,8
1003,1
1004,1
1005,6
1006,5
1007,1
1008,10
1009,8
1010,5
1011,1
1012,8
1013,1
1014,1
1015,6
1016,1
1017,1
1018,10
1019,10
1020,7
1021,10
1022,10
1023,10
1024,5
1025,1
1026,10
1027,10
1028,8
1029,10
1030,10
1031,5
1032,10
1033,10
1034,8
1035,5
1036,1
1037,10
1038,5
1039,10
1040,8
1041,8
1042,1
1043,8
1044,8
1045,7
1046,10
1047,8
1048,10
1049,5
1050,10
1051,8
1052,9
1053,7
1054,7
1055,7
1056,10
1057,1
1058,6
1059,5
1060,1
1061,10
1062,6
1063,1
1064,7
1065,10
1066,8
1067,8
1068,1
1069,1
1070,5
1071,10
1072,1
1073,1
1074,0
1075,7
1076,1
1077,7
1078,1
1079,1
1080,10
1081,1
1082,10
1083,6
1084,10
1085,1
1086,6
1087,1
1088,8
1089,5
1090,8
1091,1
1092,10
1093,1
1094,1
1095,8
1096,10
1097,10
1098,6
1099,5
1100,10
1101,6
1102,6
1103,10
1104,1
1105,3
1106,8
1107,10
1108,1
1109,1
1110,7
1111,7
1112,10
1113,10
1114,10
1115,1
1116,5
1117,1
1118,1
1119,5
1120,10
1121,10
1122,8
1123,5
1124,10
1125,8
1126,10
1127,8
1128,8
1129,1
1130,0
1131,3
1132,10
1133,6
1134,10
1135,10
1136,5
1137,10
1138,5
1139,1
1140,5
1141,1
1142,4
1143,8
1144,1
1145,5
1146,8
1147,10
1148,1
1149,6
1150,10
1151,6
1152,1
1153,10
1154,1
1155,1
1156,8
1157,8
1158,1
1159,8
1160,10
1161,10
1162,10
1163,1
1164,10
1165,10
1166,10
1167,1
1168,1
1169,1
1170,10
1171,10
1172,8
1173,1
1174,5
1175,10
1176,8
1177,10
1178,7
1179,6
1180,8
1181,5
1182,8
1183,6
1184,10
1185,5
1186,1
1187,1
1188,10
1189,10
1190,10
1191,5
1192,2
1193,10
1194,3
1195,10
1196,8
1197,10
1198,5
1199,10
1200,5
1201,10
1202,10
1203,1
1204,1
1205,10
1206,8
1207,10
1208,10
1209,6
1210,7
1211,1
1212,10
1213,6
1214,10
1215,10
1216,8
1217,1
1218,10
1219,10
1220,10
1221,6
1222,10
1223,10
1224,10
1225,10
1226,6
1227,10
1228,10
1229,10
1230,7
1231,8
1232,10
1233,1
1234,5
1235,10
1236,5
1237,10
1238,10
1239,10
1240,5
1241,1
1242,6
1243,6
1244,10
1245,10
1246,5
1247,6
1248,1
1249,10
1250,7
1251,10
1252,10
1253,10
1254,10
1255,4
1256,5
1257,7
1258,8
1259,10
1260,5
1261,8
1262,10
1263,10
1264,10
1265,10
1266,7
1267,10
1268,7
1269,3
1270,2
1271,1
1272,5
1273,5
1274,10
1275,8
1276,5
1277,10
1278,10
1279,10
1280,5
1281,6
1282,1
1283,1
1284,1
1285,10
1286,10
1287,8
1288,1
1289,8
1290,10
1291,7
1292,1
1293,10
1294,8
1295,7
1296,6
1297,10
1298,1
1299,10
1300,7
1301,8
1302,5
1303,10
1304,3
1305,10
1306,8
1307,1
1308,8
1309,10
1310,1
1311,8
1312,10
1313,10
1314,8
1315,8
1316,8
1317,1
1318,10
1319,8
1320,2
1321,1
1322,1
1323,10
1324,7
1325,10
1326,10
1327,7
1328,8
1329,10
1330,1
1331,10
1332,2
1333,10
1334,8
1335,10
1336,10
1337,8
1338,10
1339,1
1340,10
1341,5
1342,1
1343,7
1344,6
1345,5
1346,1
1347,8
1348,1
1349,10
1350,5
1351,8
1352,1
1353,8
1354,10
1355,5
1356,1
1357,1
1358,5
1359,8
1360,10
1361,7
1362,8
1363,8
1364,10
1365,1
1366,8
1367,10
1368,8
1369,7
1370,8
1371,10
1372,6
1373,5
1374,8
1375,6
1376,5
1377,8
1378,7
1379,6
1380,1
1381,10
1382,1
1383,8
1384,8
1385,1
1386,1
1387,10
1388,5
1389,8
1390,7
1391,7
1392,10
1393,8
1394,8
1395,8
1396,10
1397,5
1398,5
1399,1
1400,6
1401,6
1402,10
1403,8
1404,10
1405,8
1406,10
1407,1
1408,5
1409,10
1410,6
1411,10
1412,7
1413,10
1414,8
1415,2
1416,1
1417,7
1418,1
1419,2
1420,1
1421,8
1422,10
1423,7
1424,10
1425,7
1426,1
1427,1
1428,10
1429,1
1430,2
1431,5
1432,1
1433,7
1434,5
1435,8
1436,7
1437,10
1438,5
1439,1
1440,10
1441,10
1442,6
1443,10
1444,7
1445,10
1446,10
1447,1
1448,10
1449,1
1450,1
1451,1
1452,1
1453,6
1454,1
1455,6
1456,2
1457,10
1458,10
1459,10
1460,1
1461,1
1462,1
1463,5
1464,8
1465,5
1466,1
1467,6
1468,10
1469,10
1470,1
1471,10
1472,10
1473,10
1474,10
1475,5
1476,0
1477,8
1478,1
1479,5
1480,10
1481,5
1482,8
1483,6
1484,7
1485,7
1486,1
1487,10
1488,5
1489,5
1490,8
1491,5
1492,10
1493,10
1494,8
1495,1
1496,7
1497,10
1498,10
1499,10
1500,10
1501,10
1502,10
1503,10
1504,8
1505,6
1506,10
1507,1
1508,6
1509,10
1510,10
1511,5
1512,5
1513,8
1514,10
1515,1
1516,3
1517,10
1518,1
1519,10
1520,1
1521,10
1522,1
1523,10
1524,7
1525,1
1526,6
1527,10
1528,7
1529,8
1530,10
1531,7
1532,7
1533,5
1534,6
1535,5
1536,1
1537,10
1538,5
1539,7
1540,7
1541,10
1542,8
1543,10
1544,10
1545,10
1546,10
1547,10
1548,1
1549,8
1550,1
1551,1
1552,8
1553,10
1554,1
1555,10
1556,8
1557,10
1558,10
1559,8
1560,5
1561,10
1562,6
1563,1
1564,10
1565,2
1566,6
1567,5
1568,8
1569,1
1570,10
1571,8
1572,7
1573,10
1574,10
1575,6
1576,10
1577,1
1578,1
1579,5
1580,1
1581,8
1582,8
1583,1
1584,8
1585,1
1586,1
1587,10
1588,6
1589,10
1590,1
1591,8
1592,8
1593,10
1594,8
1595,3
1596,10
1597,5
1598,8
1599,2
1600,5
1601,10
1602,6
1603,10
1604,8
1605,10
1606,1
1607,6
1608,1
1609,10
1610,2
1611,6
1612,1
1613,10
1614,9
1615,8
1616,8
1617,1
1618,10
1619,10
1620,10
1621,5
1622,8
1623,0
1624,5
1625,1
1626,10
1627,6
1628,10
1629,7
1630,5
1631,10
1632,8
1633,5
1634,10
1635,10
1636,10
1637,1
1638,6
1639,10
1640,8
1641,5
1642,7
1643,5
1644,6
1645,1
1646,10
1647,10
1648,10
1649,8
1650,10
1651,1
1652,1
1653,7
1654,10
1655,8
1656,1
1657,5
1658,6
1659,10
1660,10
1661,1
1662,2
1663,8
1664,5
1665,8
1666,10
1667,5
1668,8
1669,5
1670,10
1671,10
1672,7
1673,8
1674,8
1675,5
1676,1
1677,8
1678,1
1679,1
1680,1
1681,7
1682,1
1683,8
1684,10
1685,6
1686,8
1687,10
1688,10
1689,1
1690,10
1691,7
1692,1
1693,6
1694,10
1695,5
1696,8
1697,10
1698,8
1699,1
1700,8
1701,1
1702,6
1703,10
1704,1
1705,10
1706,10
1707,7
1708,10
1709,10
1710,10
1711,1
1712,1
1713,1
1714,5
1715,1
1716,8
1717,10
1718,10
1719,1
1720,7
1721,1
1722,6
1723,10
1724,1
1725,10
1726,1
1727,6
1728,10
1729,8
1730,10
1731,10
1732,3
1733,10
1734,10
1735,5
1736,7
1737,5
1738,8
1739,1
1740,8
1741,1
1742,7
1743,6
1744,8
1745,10
1746,1
1747,10
1748,1
1749,7
1750,5
1751,5
1752,5
1753,10
1754,10
1755,10
1756,10
1757,10
1758,6
1759,8
1760,7
1761,10
1762,9
1763,1
1764,10
1765,1
1766,6
1767,10
1768,1
1769,8
1770,1
1771,10
1772,3
1773,7
1774,1
1775,10
1776,10
1777,1
1778,6
1779,6
1780,8
1781,5
1782,10
1783,10
1784,7
1785,7
1786,1
1787,5
1788,6
1789,10
1790,10
1791,5
1792,6
1793,5
1794,1
1795,10
1796,7
1797,7
1798,10
1799,5
1800,10
1801,10
1802,7
1803,1
1804,2
1805,1
1806,10
1807,10
1808,1
1809,5
1810,8
1811,1
1812,10
1813,10
1814,10
1815,7
1816,5
1817,10
1818,6
1819,1
1820,8
1821,5
1822,5
1823,1
1824,7
1825,10
1826,7
1827,10
1828,10
1829,5
1830,8
1831,8
1832,10
1833,10
1834,8
1835,6
1836,6
1837,10
1838,10
1839,7
1840,1
1841,10
1842,10
1843,10
1844,8
1845,1
1846,6
1847,1
1848,5
1849,10
1850,8
1851,8
1852,10
1853,10
1854,10
1855,10
1856,2
1857,10
1858,1
1859,10
1860,1
1861,6
1862,8
1863,5
1864,7
1865,5
1866,8
1867,5
1868,5
1869,10
1870,10
1871,10
1872,1
1873,10
1874,10
1875,1
1876,1
1877,5
1878,8
1879,10
1880,10
1881,1
1882,1
1883,6
1884,6
1885,1
1886,8
1887,6
1888,10
1889,1
1890,7
1891,10
1892,1
1893,3
1894,8
1895,8
1896,1
1897,10
1898,6
1899,7
1900,10
1901,10
1902,10
1903,1
1904,5
1905,1
1906,10
1907,7
1908,7
1909,8
1910,6
1911,8
1912,7
1913,5
1914,1
1915,5
1916,8
1917,10
1918,8
1919,10
1920,2
1921,1
1922,1
1923,8
1924,1
1925,6
1926,10
1927,8
1928,8
1929,10
1930,10
1931,1
1932,10
1933,7
1934,3
1935,1
1936,10
1937,8
1938,1
1939,5
1940,10
1941,5
1942,6
1943,8
1944,3
1945,7
1946,5
1947,7
1948,1
1949,1
1950,5
1951,5
1952,10
1953,7
1954,10
1955,5
1956,2
1957,10
1958,10
1959,5
1960,1
1961,6
1962,1
1963,1
1964,10
1965,10
1966,6
1967,10
1968,10
1969,8
1970,8
1971,10
1972,1
1973,5
1974,8
1975,10
1976,10
1977,5
1978,10
1979,10
1980,8
1981,10
1982,10
1983,2
1984,5
1985,10
1986,8
1987,6
1988,8
1989,10
1990,8
1991,10
1992,10
1993,5
1994,6
1995,10
1996,1
1997,1
1998,10
1999,2
2000,8
2001,5
2002,1
2003,10
2004,1
2005,8
2006,10
2007,5
2008,10
2009,10
2010,6
2011,6
2012,9
2013,8
2014,10
2015,10
2016,1
2017,8
2018,1
2019,7
2020,6
2021,5
2022,8
2023,6
2024,5
2025,10
2026,8
2027,10
2028,7
2029,10
2030,10
2031,8
2032,1
2033,10
2034,10
2035,8
2036,10
2037,10
2038,8
2039,10
2040,7
2041,10
2042,6
2043,6
2044,8
2045,10
2046,6
2047,10
2048,10
2049,8
2050,10
2051,3
2052,1
2053,10
2054,5
2055,10
2056,10
2057,10
2058,10
2059,8
2060,3
2061,8
2062,7
2063,10
2064,7
2065,10
2066,10
2067,10
2068,6
2069,1
2070,1
2071,10
2072,5
2073,4
2074,10
2075,10
2076,10
2077,10
2078,10
2079,10
2080,6
2081,1
2082,10
2083,10
2084,6
2085,10
2086,8
2087,1
2088,7
2089,10
2090,7
2091,8
2092,8
2093,10
2094,10
2095,10
2096,10
2097,10
2098,1
2099,6
2100,10
2101,1
2102,6
2103,10
2104,5
2105,10
2106,2
2107,10
2108,10
2109,10
2110,10
2111,1
2112,10
2113,7
2114,8
2115,1
2116,10
2117,1
2118,10
2119,7
2120,10
2121,1
2122,8
2123,8
2124,5
2125,5
2126,7
2127,1
2128,1
2129,1
2130,1
2131,8
2132,6
2133,1
2134,8
2135,5
2136,10
2137,1
2138,3
2139,10
2140,1
2141,10
2142,10
2143,1
2144,1
2145,1
2146,6
2147,1
2148,5
2149,1
2150,10
2151,1
2152,1
2153,10
2154,1
2155,10
2156,10
2157,1
2158,1
2159,5
2160,1
2161,10
2162,7
2163,1
2164,10
2165,8
2166,10
2167,3
2168,4
2169,8
2170,1
2171,8
2172,8
2173,1
2174,10
2175,1
2176,10
2177,5
2178,1
2179,7
2180,10
2181,10
2182,7
2183,10
2184,6
2185,10
2186,1
2187,7
2188,10
2189,10
2190,1
2191,3
2192,10
2193,7
2194,6
2195,5
2196,10
2197,8
2198,10
2199,10
2200,6
2201,8
2202,7
2203,8
2204,1
2205,1
2206,10
2207,5
2208,7
2209,1
2210,7
2211,10
2212,10
2213,2
2214,10
2215,2
2216,5
2217,8
2218,10
2219,7
2220,6
2221,7
2222,5
2223,10
2224,10
2225,5
2226,1
2227,2
2228,1
2229,10
2230,10
2231,8
2232,1
2233,10
2234,10
2235,5
2236,8
2237,8
2238,1
2239,10
2240,8
2241,10
2242,10
2243,1
2244,1
2245,8
2246,6
2247,5
2248,8
2249,10
2250,5
2251,8
2252,7
2253,8
2254,5
2255,1
2256,10
2257,10
2258,1
2259,8
2260,8
2261,6
2262,1
2263,8
2264,8
2265,10
2266,8
2267,1
2268,8
2269,5
2270,8
2271,2
2272,1
2273,10
2274,10
2275,10
2276,10
2277,8
2278,1
2279,1
2280,8
2281,8
2282,3
2283,8
2284,7
2285,10
2286,6
2287,6
2288,10
2289,9
2290,1
2291,7
2292,8
2293,7
2294,8
2295,7
2296,6
2297,1
2298,10
2299,10
2300,1
2301,1
2302,6
2303,6
2304,1
2305,8
2306,10
2307,5
2308,6
2309,10
2310,1
2311,8
2312,10
2313,6
2314,1
2315,6
2316,10
2317,5
2318,1
2319,10
2320,10
2321,10
2322,1
2323,5
2324,10
2325,10
2326,10
2327,1
2328,10
2329,1
2330,10
2331,10
2332,1
2333,8
2334,6
2335,6
2336,7
2337,1
2338,10
2339,8
2340,10
2341,8
2342,2
2343,1
2344,10
2345,10
2346,10
2347,1
2348,5
2349,10
2350,10
2351,1
2352,6
2353,7
2354,10
2355,10
2356,1
2357,10
2358,0
2359,10
2360,7
2361,10
2362,2
2363,1
2364,1
2365,10
2366,1
2367,10
2368,1
2369,8
2370,10
2371,1
2372,8
2373,8
2374,10
2375,10
2376,10
2377,1
2378,10
2379,1
2380,10
2381,10
2382,7
2383,10
2384,10
2385,1
2386,6
2387,6
2388,3
2389,10
2390,5
2391,10
2392,10
2393,10
2394,8
2395,1
2396,10
2397,10
2398,10
2399,8
2400,8
2401,10
2402,5
2403,10
2404,6
2405,10
2406,8
2407,1
2408,10
2409,1
2410,10
2411,1
2412,5
2413,6
2414,10
2415,1
2416,6
2417,1
2418,8
2419,5
2420,7
2421,10
2422,10
2423,2
2424,5
2425,5
2426,8
2427,1
2428,10
2429,6
2430,1
2431,10
2432,1
2433,1
2434,3
2435,10
2436,10
2437,10
2438,1
2439,8
2440,7
2441,1
2442,5
2443,1
2444,10
2445,10
2446,10
2447,3
2448,1
2449,1
2450,10
2451,8
2452,1
2453,5
2454,8
2455,10
2456,10
2457,8
2458,5
2459,7
2460,1
2461,8
2462,10
2463,10
2464,8
2465,1
2466,5
2467,8
2468,7
2469,8
2470,8
2471,10
2472,10
2473,1
2474,5
2475,8
2476,7
2477,5
2478,8
2479,10
2480,5
2481,1
2482,7
2483,10
2484,8
2485,6
2486,6
2487,1
2488,1
2489,10
2490,8
2491,1
2492,1
2493,1
2494,1
2495,7
2496,8
2497,8
2498,10
2499,7
2500,8
2501,5
2502,6
2503,1
2504,6
2505,3
2506,10
2507,1
2508,5
2509,5
2510,10
2511,1
2512,1
2513,6
2514,1
2515,8
2516,1
2517,1
2518,10
2519,10
2520,5
2521,5
2522,7
2523,1
2524,5
2525,10
2526,10
2527,6
2528,1
2529,5
2530,6
2531,8
2532,10
2533,1
2534,10
2535,10
2536,10
2537,10
2538,6
2539,2
2540,1
2541,10
2542,10
2543,5
2544,10
2545,8
2546,1
2547,1
2548,5
2549,10
2550,9
2551,8
2552,6
2553,3
2554,8
2555,5
2556,1
2557,3
2558,10
2559,10
2560,5
2561,10
2562,1
2563,5
2564,5
2565,7
2566,10
2567,8
2568,8
2569,10
2570,10
2571,1
2572,7
2573,8
2574,1
2575,1
2576,6
2577,1
2578,10
2579,10
2580,5
2581,8
2582,1
2583,10
2584,5
2585,8
2586,7
2587,10
2588,10
2589,1
2590,10
2591,10
2592,3
2593,6
2594,1
2595,10
2596,6
2597,8
2598,10
2599,1
2600,1
2601,10
2602,10
2603,6
2604,1
2605,7
2606,10
2607,10
2608,10
2609,10
2610,7
2611,1
2612,6
2613,10
2614,10
2615,10
2616,5
2617,1
2618,10
2619,8
2620,1
2621,8
2622,8
2623,1
2624,5
2625,5
2626,5
2627,1
2628,10
2629,7
2630,10
2631,7
2632,7
2633,8
2634,10
2635,8
2636,5
2637,0
2638,8
2639,8
2640,1
2641,6
2642,3
2643,10
2644,10
2645,10
2646,8
2647,1
2648,7
2649,8
2650,10
2651,10
2652,10
2653,10
2654,10
2655,10
2656,10
2657,1
2658,10
2659,10
2660,1
2661,8
2662,10
2663,10
2664,8
2665,5
2666,10
2667,10
2668,10
2669,8
2670,10
2671,10
2672,10
2673,7
2674,3
2675,8
2676,1
2677,10
2678,5
2679,10
2680,1
2681,8
2682,10
2683,1
2684,1
2685,1
2686,10
2687,2
2688,10
2689,10
2690,1
2691,6
2692,10
2693,5
2694,10
2695,8
2696,10
2697,10
2698,10
2699,5
2700,10
2701,7
2702,10
2703,8
2704,10
2705,6
2706,1
2707,5
2708,10
2709,10
2710,6
2711,1
2712,1
2713,10
2714,7
2715,10
2716,1
2717,10
2718,10
2719,8
2720,6
2721,1
2722,10
2723,1
2724,1
2725,8
2726,6
2727,10
2728,10
2729,10
2730,8
2731,10
2732,8
2733,10
2734,10
2735,1
2736,6
2737,5
2738,10
2739,10
2740,10
2741,8
2742,7
2743,5
2744,6
2745,6
2746,8
2747,7
2748,6
2749,10
2750,3
2751,7
2752,8
2753,10
2754,10
2755,10
2756,8
2757,1
2758,10
2759,10
2760,1
2761,7
2762,10
2763,10
2764,6
2765,10
2766,10
2767,1
2768,1
2769,5
2770,10
2771,1
2772,8
2773,10
2774,1
2775,5
2776,1
2777,10
2778,7
2779,5
2780,5
2781,7
2782,4
2783,1
2784,7
2785,10
2786,10
2787,10
2788,5
2789,3
2790,1
2791,6
2792,7
2793,8
2794,10
2795,8
2796,1
2797,1
2798,10
2799,8
2800,10
2801,7
2802,10
2803,5
2804,1
2805,1
2806,5
2807,10
2808,6
2809,7
2810,7
2811,7
2812,10
2813,10
2814,10
2815,10
2816,7
2817,10
2818,8
2819,10
2820,10
2821,10
2822,10
2823,2
2824,10
2825,8
2826,8
2827,10
2828,6
2829,10
2830,5
2831,10
2832,3
2833,1
2834,10
2835,7
2836,10
2837,5
2838,5
2839,11
2840,10
2841,10
2842,10
2843,3
2844,5
2845,1
2846,2
2847,8
2848,5
2849,1
2850,6
2851,8
2852,6
2853,10
2854,10
2855,1
2856,1
2857,4
2858,10
2859,10
2860,10
2861,10
2862,8
2863,1
2864,6
2865,6
2866,8
2867,10
2868,1
2869,8
2870,6
2871,1
2872,10
2873,1
2874,1
2875,5
2876,10
2877,1
2878,6
2879,1
2880,10
2881,10
2882,8
2883,5
2884,10
2885,5
2886,10
2887,1
2888,5
2889,8
2890,8
2891,1
2892,5
2893,7
2894,7
2895,6
2896,10
2897,6
2898,1
2899,5
2900,7
2901,10
2902,5
2903,1
2904,6
2905,1
2906,10
2907,8
2908,10
2909,10
2910,10
2911,5
2912,1
2913,5
2914,10
2915,1
2916,10
2917,8
2918,5
2919,10
2920,8
2921,10
2922,7
2923,1
2924,7
2925,5
2926,10
2927,1
2928,10
2929,7
2930,10
2931,1
2932,8
2933,1
2934,10
2935,10
2936,10
2937,10
2938,1
2939,10
2940,10
2941,3
2942,10
2943,8
2944,8
2945,7
2946,10
2947,8
2948,7
2949,5
2950,6
2951,4
2952,10
2953,10
2954,8
2955,1
2956,1
2957,10
2958,7
2959,10
2960,5
2961,6
2962,10
2963,7
2964,5
2965,8
2966,10
2967,1
2968,10
2969,10
2970,10
2971,10
2972,1
2973,7
2974,1
2975,10
2976,10
2977,10
2978,7
2979,10
2980,10
2981,7
2982,1
2983,10
2984,10
2985,7
2986,5
2987,10
2988,10
2989,2
2990,7
2991,1
2992,10
2993,8
2994,6
2995,10
2996,10
2997,7
2998,10
2999,1
3000,1
3001,5
3002,10
3003,5
3004,10
3005,8
3006,10
3007,1
3008,2
3009,4
3010,10
3011,10
3012,7
3013,8
3014,5
3015,10
3016,6
3017,1
3018,10
3019,7
3020,8
3021,7
3022,6
3023,8
3024,1
3025,5
3026,10
3027,0
3028,8
3029,7
3030,1
3031,10
3032,7
3033,8
3034,10
3035,8
3036,1
3037,5
3038,1
3039,1
3040,8
3041,10
3042,1
3043,10
3044,1
3045,10
3046,1
3047,10
3048,1
3049,8
3050,10
3051,1
3052,3
3053,6
3054,1
3055,10
3056,10
3057,10
3058,10
3059,10
3060,7
3061,7
3062,5
3063,10
3064,5
3065,10
3066,8
3067,1
3068,1
3069,10
3070,1
3071,1
3072,10
3073,10
3074,8
3075,6
3076,7
3077,10
3078,6
3079,10
3080,6
3081,10
3082,1
3083,10
3084,8
3085,10
3086,10
3087,1
3088,10
3089,10
3090,10
3091,10
3092,10
3093,10
3094,1
3095,6
3096,1
3097,8
3098,10
3099,10
3100,5
3101,10
3102,10
3103,10
3104,5
3105,7
3106,8
3107,1
3108,1
3109,10
3110,6
3111,5
3112,6
3113,8
3114,10
3115,1
3116,10
3117,6
3118,8
3119,1
3120,10
3121,10
3122,7
3123,5
3124,10
3125,7
3126,7
3127,1
3128,7
3129,1
3130,1
3131,8
3132,10
3133,6
3134,5
3135,5
3136,8
3137,6
3138,6
3139,6
3140,10
3141,1
3142,8
3143,10
3144,10
3145,10
3146,8
3147,1
3148,10
3149,7
3150,8
3151,10
3152,10
3153,1
3154,8
3155,7
3156,6
3157,10
3158,10
3159,8
3160,8
3161,10
3162,10
3163,1
3164,10
3165,1
3166,8
3167,8
3168,1
3169,6
3170,10
3171,10
3172,10
3173,10
3174,2
3175,1
3176,1
3177,10
3178,10
3179,10
3180,5
3181,10
3182,5
3183,4
3184,10
3185,1
3186,6
3187,10
3188,1
3189,10
3190,10
3191,5
3192,8
3193,7
3194,3
3195,7
3196,6
3197,6
3198,8
3199,8
3200,1
3201,8
3202,1
3203,10
3204,1
3205,10
3206,5
3207,8
3208,5
3209,10
3210,5
3211,8
3212,1
3213,5
3214,10
3215,1
3216,7
3217,10
3218,10
3219,5
3220,5
3221,11
3222,6
3223,5
3224,8
3225,10
3226,10
3227,1
3228,5
3229,1
3230,1
3231,3
3232,10
3233,8
3234,10
3235,1
3236,10
3237,1
3238,6
3239,1
3240,10
3241,8
3242,8
3243,8
3244,10
3245,5
3246,10
3247,1
3248,1
3249,10
3250,10
3251,5
3252,10
3253,6
3254,8
3255,5
3256,8
3257,10
3258,10
3259,1
3260,8
3261,1
3262,7
3263,2
3264,10
3265,7
3266,7
3267,2
3268,8
3269,10
3270,7
3271,5
3272,1
3273,7
3274,1
3275,10
3276,2
3277,5
3278,6
3279,10
3280,7
3281,7
3282,10
3283,1
3284,6
3285,10
3286,5
3287,7
3288,7
3289,7
3290,8
3291,10
3292,5
3293,4
3294,10
3295,1
3296,7
3297,6
3298,5
3299,10
3300,10
3301,10
3302,5
3303,6
3304,10
3305,6
3306,10
3307,1
3308,10
3309,10
3310,1
3311,10
3312,10
3313,1
3314,1
3315,1
3316,1
3317,7
3318,7
3319,2
3320,3
3321,1
3322,10
3323,8
3324,10
3325,10
3326,6
3327,4
3328,1
3329,10
3330,1
3331,10
3332,7
3333,7
3334,5
3335,10
3336,5
3337,6
3338,10
3339,10
3340,1
3341,10
3342,8
3343,10
3344,1
3345,10
3346,1
3347,5
3348,10
3349,1
3350,10
3351,2
3352,1
3353,7
3354,7
3355,5
3356,8
3357,1
3358,6
3359,7
3360,6
3361,5
3362,10
3363,10
3364,1
3365,10
3366,1
3367,1
3368,9
3369,8
3370,10
3371,10
3372,10
3373,1
3374,10
3375,10
3376,6
3377,10
3378,10
3379,6
3380,8
3381,3
3382,10
3383,10
3384,7
3385,10
3386,8
3387,1
3388,8
3389,7
3390,7
3391,1
3392,6
3393,6
3394,7
3395,5
3396,10
3397,8
3398,10
3399,2
3400,10
3401,8
3402,7
3403,10
3404,8
3405,1
3406,5
3407,8
3408,10
3409,6
3410,6
3411,5
3412,10
3413,10
3414,6
3415,10
3416,5
3417,5
3418,10
3419,7
3420,8
3421,10
3422,8
3423,1
3424,1
3425,5
3426,10
3427,8
3428,10
3429,1
3430,0
3431,5
3432,8
3433,3
3434,1
3435,6
3436,6
3437,5
3438,10
3439,1
3440,10
3441,10
3442,1
3443,5
3444,5
3445,10
3446,10
3447,6
3448,10
3449,10
3450,8
3451,6
3452,2
3453,5
3454,6
3455,10
3456,8
3457,1
3458,1
3459,10
3460,10
3461,10
3462,6
3463,6
3464,1
3465,10
3466,7
3467,8
3468,5
3469,5
3470,1
3471,10
3472,5
3473,10
3474,1
3475,8
3476,5
3477,7
3478,10
3479,10
3480,3
3481,7
3482,1
3483,10
3484,10
3485,8
3486,1
3487,8
3488,10
3489,8
3490,10
3491,10
3492,1
3493,1
3494,1
3495,6
3496,2
3497,10
3498,10
3499,10
3500,6
3501,10
3502,2
3503,10
3504,8
3505,8
3506,10
3507,8
3508,5
3509,10
3510,6
3511,1
3512,1
3513,1
3514,6
3515,8
3516,10
3517,6
3518,8
3519,3
3520,1
3521,10
3522,5
3523,8
3524,8
3525,10
3526,1
3527,2
3528,10
3529,10
3530,10
3531,8
3532,10
3533,10
3534,1
3535,1
3536,1
3537,5
3538,10
3539,10
3540,8
3541,7
3542,10
3543,5
3544,10
3545,10
3546,8
3547,10
3548,1
3549,5
3550,10
3551,10
3552,10
3553,10
3554,10
3555,1
3556,2
3557,5
3558,10
3559,6
3560,10
3561,10
3562,0
3563,5
3564,10
3565,1
3566,1
3567,1
3568,6
3569,10
3570,8
3571,10
3572,10
3573,1
3574,1
3575,10
3576,7
3577,10
3578,5
3579,8
3580,1
3581,1
3582,7
3583,6
3584,1
3585,10
3586,10
3587,10
3588,10
3589,6
3590,10
3591,8
3592,10
3593,6
3594,10
3595,8
3596,3
3597,1
3598,8
3599,10
3600,10
3601,1
3602,7
3603,6
3604,1
3605,1
3606,10
3607,1
3608,6
3609,8
3610,5
3611,5
3612,7
3613,2
3614,8
3615,1
3616,1
3617,5
3618,6
3619,5
3620,10
3621,8
3622,10
3623,6
3624,7
3625,3
3626,1
3627,10
3628,2
3629,8
3630,6
3631,1
3632,10
3633,8
3634,8
3635,10
3636,1
3637,10
3638,6
3639,1
3640,7
3641,7
3642,1
3643,10
3644,7
3645,7
3646,8
3647,10
3648,10
3649,1
3650,1
3651,10
3652,1
3653,7
3654,10
3655,1
3656,10
3657,8
3658,2
3659,1
3660,1
3661,8
3662,8
3663,7
3664,10
3665,7
3666,8
3667,1
3668,1
3669,10
3670,1
3671,1
3672,6
3673,6
3674,10
3675,6
3676,1
3677,10
3678,5
3679,5
3680,10
3681,3
3682,7
3683,10
3684,8
3685,10
3686,1
3687,10
3688,8
3689,1
3690,10
3691,10
3692,10
3693,8
3694,6
3695,10
3696,6
3697,10
3698,9
3699,7
3700,10
3701,10
3702,6
3703,1
3704,7
3705,7
3706,7
3707,1
3708,10
3709,10
3710,10
3711,10
3712,6
3713,10
3714,8
3715,7
3716,6
3717,10
3718,6
3719,8
3720,10
3721,8
3722,6
3723,10
3724,8
3725,10
3726,8
3727,10
3728,8
3729,7
3730,5
3731,1
3732,8
3733,10
3734,10
3735,1
3736,6
3737,6
3738,8
3739,8
3740,8
3741,10
3742,1
3743,8
3744,10
3745,8
3746,8
3747,8
3748,6
3749,9
3750,10
3751,7
3752,3
3753,5
3754,10
3755,1
3756,5
3757,10
3758,3
3759,6
3760,10
3761,1
3762,10
3763,8
3764,10
3765,7
3766,1
3767,10
3768,8
3769,8
3770,8
3771,2
3772,5
3773,8
3774,7
3775,8
3776,1
3777,5
3778,10
3779,10
3780,1
3781,8
3782,5
3783,10
3784,10
3785,10
3786,10
3787,10
3788,6
3789,4
3790,10
3791,5
3792,10
3793,8
3794,7
3795,8
3796,1
3797,1
3798,8
3799,10
3800,8
3801,8
3802,6
3803,10
3804,1
3805,8
3806,10
3807,5
3808,1
3809,5
3810,10
3811,5
3812,10
3813,7
3814,5
3815,10
3816,5
3817,10
3818,7
3819,8
3820,8
3821,6
3822,10
3823,10
3824,6
3825,8
3826,1
3827,5
3828,10
3829,10
3830,1
3831,1
3832,1
3833,1
3834,10
3835,8
3836,10
3837,10
3838,10
3839,8
3840,9
3841,10
3842,10
3843,8
3844,3
3845,10
3846,10
3847,10
3848,10
3849,10
3850,1
3851,10
3852,10
3853,10
3854,10
3855,5
3856,10
3857,4
3858,10
3859,10
3860,2
3861,2
3862,10
3863,10
3864,1
3865,1
3866,8
3867,1
3868,1
3869,10
3870,8
3871,10
3872,10
3873,10
3874,5
3875,1
3876,8
3877,5
3878,1
3879,10
3880,10
3881,5
3882,10
3883,1
3884,2
3885,8
3886,10
3887,6
3888,10
3889,8
3890,8
3891,8
3892,5
3893,6
3894,6
3895,10
3896,10
3897,10
3898,10
3899,6
3900,1
3901,1
3902,8
3903,10
3904,1
3905,1
3906,6
3907,1
3908,10
3909,1
3910,8
3911,5
3912,10
3913,7
3914,7
3915,6
3916,8
3917,10
3918,6
3919,1
3920,5
3921,10
3922,7
3923,8
3924,10
3925,5
3926,10
3927,10
3928,1
3929,1
3930,10
3931,10
3932,8
3933,6
3934,1
3935,1
3936,5
3937,10
3938,8
3939,10
3940,10
3941,5
3942,1
3943,8
3944,10
3945,10
3946,10
3947,10
3948,5
3949,5
3950,10
3951,1
3952,7
3953,7
3954,1
3955,10
3956,8
3957,1
3958,8
3959,1
3960,10
3961,6
3962,5
3963,5
3964,1
3965,1
3966,10
3967,10
3968,8
3969,1
3970,1
3971,10
3972,10
3973,8
3974,3
3975,10
3976,10
3977,10
3978,10
3979,10
3980,10
3981,10
3982,10
3983,10
3984,10
3985,8
3986,10
3987,10
3988,1
3989,1
3990,10
3991,1
3992,10
3993,10
3994,10
3995,5
3996,10
3997,5
3998,9
3999,1
4000,8
4001,7
4002,8
4003,7
4004,6
4005,8
4006,10
4007,10
4008,8
4009,1
4010,5
4011,5
4012,1
4013,10
4014,7
4015,5
4016,1
4017,10
4018,10
4019,10
4020,10
4021,10
4022,8
4023,10
4024,10
4025,5
4026,10
4027,8
4028,10
4029,8
4030,10
4031,1
4032,8
4033,10
4034,1
4035,10
4036,6
4037,1
4038,8
4039,1
4040,10
4041,6
4042,1
4043,10
4044,5
4045,5
4046,10
4047,0
4048,1
4049,6
4050,10
4051,10
4052,7
4053,6
4054,5
4055,5
4056,1
4057,10
4058,10
4059,2
4060,10
4061,5
4062,10
4063,7
4064,10
4065,10
4066,5
4067,10
4068,1
4069,1
4070,5
4071,10
4072,1
4073,10
4074,6
4075,5
4076,10
4077,10
4078,10
4079,2
4080,10
4081,1
4082,6
4083,8
4084,10
4085,7
4086,7
4087,8
4088,10
4089,1
4090,1
4091,1
4092,8
4093,8
4094,1
4095,4
4096,1
4097,1
4098,10
4099,6
4100,10
4101,5
4102,6
4103,10
4104,5
4105,10
4106,1
4107,10
4108,10
4109,8
4110,1
4111,8
4112,10
4113,5
4114,1
4115,1
4116,10
4117,1
4118,1
4119,10
4120,1
4121,10
4122,6
4123,10
4124,8
4125,10
4126,5
4127,10
4128,7
4129,10
4130,1
4131,10
4132,8
4133,1
4134,7
4135,5
4136,1
4137,1
4138,10
4139,10
4140,10
4141,8
4142,5
4143,1
4144,7
4145,10
4146,10
4147,5
4148,10
4149,10
4150,5
4151,1
4152,1
4153,8
4154,10
4155,1
4156,6
4157,2
4158,5
4159,10
4160,10
4161,1
4162,1
4163,1
4164,5
4165,10
4166,1
4167,8
4168,1
4169,10
4170,2
4171,10
4172,1
4173,10
4174,7
4175,8
4176,10
4177,10
4178,7
4179,7
4180,1
4181,10
4182,8
4183,10
4184,10
4185,5
4186,5
4187,10
4188,7
4189,1
4190,10
4191,1
4192,2
4193,8
4194,1
4195,2
4196,8
4197,10
4198,1
4199,10
4200,6
4201,10
4202,8
4203,5
4204,5
4205,8
4206,6
4207,8
4208,10
4209,8
4210,5
4211,10
4212,1
4213,10
4214,10
4215,8
4216,7
4217,5
4218,10
4219,7
4220,10
4221,8
4222,1
4223,8
4224,1
4225,1
4226,10
4227,1
4228,1
4229,0
4230,8
4231,10
4232,6
4233,8
4234,10
4235,10
4236,1
4237,1
4238,5
4239,6
4240,10
4241,10
4242,6
4243,1
4244,10
4245,8
4246,5
4247,7
4248,10
4249,7
4250,1
4251,10
4252,7
4253,10
4254,10
4255,10
4256,1
4257,10
4258,10
4259,7
4260,1
4261,10
4262,8
4263,10
4264,10
4265,1
4266,1
4267,1
4268,8
4269,10
4270,6
4271,10
4272,8
4273,6
4274,10
4275,1
4276,8
4277,9
4278,1
4279,10
4280,1
4281,10
4282,5
4283,10
4284,10
4285,10
4286,7
4287,5
4288,1
4289,10
4290,6
4291,8
4292,10
4293,7
4294,10
4295,7
4296,8
4297,10
4298,7
4299,8
4300,1
4301,6
4302,6
4303,1
4304,10
4305,6
4306,8
4307,10
4308,7
4309,1
4310,10
4311,1
4312,8
4313,1
4314,10
4315,1
4316,10
4317,7
4318,10
4319,10
4320,8
4321,10
4322,8
4323,10
4324,1
4325,7
4326,6
4327,10
4328,1
4329,1
4330,7
4331,10
4332,7
4333,1
4334,1
4335,10
4336,7
4337,7
4338,10
4339,10
4340,1
4341,8
4342,10
4343,1
4344,10
4345,10
4346,6
4347,1
4348,1
4349,10
4350,6
4351,1
4352,7
4353,8
4354,10
4355,5
4356,10
4357,7
4358,7
4359,8
4360,8
4361,7
4362,10
4363,10
4364,8
4365,8
4366,5
4367,10
4368,8
4369,8
4370,1
4371,6
4372,7
4373,10
4374,10
4375,1
4376,10
4377,10
4378,1
4379,8
4380,2
4381,8
4382,1
4383,8
4384,1
4385,7
4386,10
4387,1
4388,3
4389,8
4390,5
4391,8
4392,6
4393,10
4394,10
4395,10
4396,6
4397,10
4398,5
4399,8
4400,6
4401,1
4402,1
4403,10
4404,6
4405,8
4406,1
4407,1
4408,1
4409,5
4410,1
4411,1
4412,8
4413,10
4414,10
4415,8
4416,1
4417,1
4418,10
4419,6
4420,1
4421,8
4422,6
4423,5
4424,7
4425,6
4426,1
4427,8
4428,10
4429,5
4430,1
4431,7
4432,1
4433,10
4434,10
4435,1
4436,1
4437,6
4438,8
4439,10
4440,0
4441,6
4442,1
4443,1
4444,5
4445,7
4446,7
4447,8
4448,8
4449,10
4450,5
4451,1
4452,10
4453,7
4454,1
4455,5
4456,10
4457,8
4458,5
4459,1
4460,7
4461,10
4462,10
4463,10
4464,3
4465,8
4466,10
4467,1
4468,1
4469,10
4470,10
4471,10
4472,10
4473,1
4474,1
4475,7
4476,6
4477,10
4478,10
4479,6
4480,10
4481,1
4482,8
4483,10
4484,7
4485,1
4486,1
4487,7
4488,10
4489,8
4490,1
4491,1
4492,10
4493,7
4494,8
4495,1
4496,6
4497,10
4498,10
4499,3
4500,7
4501,10
4502,1
4503,5
4504,5
4505,1
4506,10
4507,8
4508,8
4509,10
4510,1
4511,10
4512,10
4513,8
4514,10
4515,8
4516,10
4517,1
4518,5
4519,10
4520,1
4521,10
4522,6
4523,7
4524,1
4525,10
4526,10
4527,6
4528,6
4529,1
4530,10
4531,10
4532,5
4533,7
4534,8
4535,7
4536,1
4537,1
4538,10
4539,8
4540,8
4541,10
4542,10
4543,8
4544,5
4545,10
4546,8
4547,8
4548,8
4549,10
4550,10
4551,10
4552,10
4553,10
4554,7
4555,1
4556,7
4557,8
4558,10
4559,8
4560,10
4561,1
4562,10
4563,8
4564,1
4565,1
4566,7
4567,1
4568,8
4569,10
4570,10
4571,7
4572,7
4573,1
4574,8
4575,1
4576,10
4577,1
4578,10
4579,1
4580,1
4581,5
4582,8
4583,5
4584,8
4585,8
4586,10
4587,10
4588,10
4589,3
4590,1
4591,10
4592,10
4593,6
4594,1
4595,5
4596,9
4597,10
4598,1
4599,5
4600,1
4601,7
4602,5
4603,1
4604,7
4605,6
4606,10
4607,10
4608,10
4609,7
4610,10
4611,7
4612,1
4613,1
4614,8
4615,10
4616,8
4617,10
4618,8
4619,1
4620,1
4621,10
4622,1
4623,10
4624,8
4625,10
4626,6
4627,6
4628,1
4629,6
4630,8
4631,4
4632,1
4633,1
4634,1
4635,7
4636,6
4637,6
4638,10
4639,8
4640,8
4641,10
4642,1
4643,10
4644,1
4645,10
4646,7
4647,2
4648,8
4649,1
4650,7
4651,1
4652,10
4653,1
4654,8
4655,1
4656,5
4657,10
4658,6
4659,7
4660,7
4661,7
4662,1
4663,8
4664,6
4665,1
4666,10
4667,10
4668,8
4669,10
4670,10
4671,1
4672,1
4673,10
4674,10
4675,7
4676,1
4677,1
4678,8
4679,6
4680,6
4681,7
4682,5
4683,10
4684,10
4685,5
4686,10
4687,1
4688,10
4689,8
4690,10
4691,10
4692,8
4693,10
4694,10
4695,10
4696,4
4697,6
4698,1
4699,10
4700,6
4701,8
4702,8
4703,1
4704,8
4705,6
4706,8
4707,10
4708,10
4709,7
4710,8
4711,8
4712,8
4713,10
4714,1
4715,10
4716,8
4717,8
4718,10
4719,10
4720,7
4721,1
4722,8
4723,10
4724,10
4725,1
4726,10
4727,8
4728,10
4729,8
4730,10
4731,5
4732,8
4733,1
4734,10
4735,5
4736,10
4737,10
4738,8
4739,8
4740,10
4741,8
4742,1
4743,10
4744,1
4745,6
4746,7
4747,1
4748,10
4749,10
4750,8
4751,10
4752,8
4753,8
4754,5
4755,1
4756,7
4757,8
4758,10
4759,10
4760,7
4761,8
4762,10
4763,6
4764,10
4765,10
4766,6
4767,1
4768,6
4769,8
4770,10
4771,10
4772,5
4773,7
4774,1
4775,10
4776,1
4777,5
4778,10
4779,10
4780,6
4781,10
4782,7
4783,10
4784,1
4785,8
4786,3
4787,10
4788,10
4789,8
4790,8
4791,3
4792,7
4793,10
4794,1
4795,8
4796,1
4797,1
4798,1
4799,5
4800,10
4801,5
4802,5
4803,10
4804,10
4805,5
4806,8
4807,10
4808,8
4809,6
4810,1
4811,1
4812,7
4813,6
4814,10
4815,10
4816,10
4817,1
4818,10
4819,1
4820,1
4821,5
4822,1
4823,10
4824,10
4825,7
4826,2
4827,1
4828,1
4829,1
4830,2
4831,7
4832,1
4833,8
4834,9
4835,10
4836,1
4837,10
4838,7
4839,8
4840,1
4841,1
4842,10
4843,10
4844,8
4845,1
4846,10
4847,1
4848,10
4849,7
4850,5
4851,1
4852,10
4853,10
4854,10
4855,7
4856,7
4857,6
4858,5
4859,10
4860,10
4861,1
4862,5
4863,10
4864,7
4865,7
4866,10
4867,2
4868,7
4869,1
4870,5
4871,8
4872,7
4873,1
4874,6
4875,10
4876,10
4877,10
4878,5
4879,7
4880,10
4881,10
4882,8
4883,1
4884,8
4885,5
4886,5
4887,10
4888,1
4889,5
4890,10
4891,5
4892,8
4893,10
4894,7
4895,10
4896,8
4897,10
4898,10
4899,8
4900,10
4901,10
4902,1
4903,10
4904,1
4905,6
4906,8
4907,1
4908,7
4909,10
4910,1
4911,5
4912,10
4913,6
4914,1
4915,5
4916,8
4917,10
4918,10
4919,10
4920,10
4921,1
4922,10
4923,5
4924,1
4925,1
4926,10
4927,1
4928,6
4929,8
4930,7
4931,10
4932,6
4933,3
4934,7
4935,10
4936,8
4937,1
4938,10
4939,1
4940,5
4941,10
4942,8
4943,8
4944,8
4945,10
4946,10
4947,7
4948,5
4949,10
4950,10
4951,3
4952,3
4953,1
4954,1
4955,6
4956,1
4957,10
4958,6
4959,6
4960,10
4961,10
4962,1
4963,10
4964,8
4965,1
4966,5
4967,6
4968,8
4969,7
4970,10
4971,10
4972,1
4973,3
4974,1
4975,1
4976,7
4977,8
4978,7
4979,1
4980,10
4981,1
4982,1
4983,1
4984,1
4985,7
4986,10
4987,5
4988,6
4989,1
4990,1
4991,8
4992,8
4993,2
4994,5
4995,6
4996,5
4997,2
4998,10
4999,6
5000,1
5001,6
5002,10
5003,7
5004,6
5005,10
5006,1
5007,1
5008,5
5009,10
5010,7
5011,1
5012,8
5013,1
5014,10
5015,10
5016,5
5017,5
5018,8
5019,10
5020,4
5021,10
5022,1
5023,1
5024,5
5025,6
5026,1
5027,10
5028,10
5029,5
5030,1
5031,8
5032,10
5033,7
5034,1
5035,10
5036,1
5037,8
5038,10
5039,1
5040,10
5041,7
5042,1
5043,3
5044,7
5045,6
5046,2
5047,1
5048,7
5049,1
5050,8
5051,10
5052,8
5053,10
5054,7
5055,7
5056,10
5057,10
5058,1
5059,1
5060,10
5061,6
5062,5
5063,8
5064,5
5065,7
5066,2
5067,10
5068,1
5069,7
5070,10
5071,10
5072,10
5073,5
5074,10
5075,6
5076,10
5077,5
5078,10
5079,5
5080,7
5081,6
5082,10
5083,10
5084,1
5085,6
5086,1
5087,8
5088,8
5089,10
5090,8
5091,8
5092,1
5093,1
5094,7
5095,2
5096,1
5097,5
5098,10
5099,8
5100,10
5101,10
5102,8
5103,8
5104,5
5105,10
5106,7
5107,10
5108,10
5109,6
5110,10
5111,1
5112,10
5113,10
5114,8
5115,10
5116,7
5117,7
5118,10
5119,10
5120,5
5121,1
5122,10
5123,5
5124,10
5125,7
5126,10
5127,10
5128,1
5129,10
5130,1
5131,5
5132,10
5133,5
5134,1
5135,1
5136,6
5137,10
5138,3
5139,8
5140,6
5141,10
5142,7
5143,1
5144,10
5145,2
5146,7
5147,10
5148,8
5149,10
5150,10
5151,1
5152,10
5153,3
5154,7
5155,10
5156,1
5157,10
5158,7
5159,5
5160,7
5161,6
5162,1
5163,10
5164,8
5165,1
5166,10
5167,1
5168,5
5169,5
5170,10
5171,10
5172,10
5173,6
5174,8
5175,5
5176,8
5177,10
5178,1
5179,8
5180,10
5181,8
5182,8
5183,5
5184,10
5185,9
5186,10
5187,5
5188,1
5189,2
5190,10
5191,6
5192,0
5193,10
5194,7
5195,6
5196,8
5197,10
5198,1
5199,1
5200,10
5201,10
5202,10
5203,10
5204,8
5205,10
5206,6
5207,6
5208,8
5209,7
5210,10
5211,8
5212,10
5213,7
5214,8
5215,10
5216,8
5217,10
5218,8
5219,10
5220,7
5221,7
5222,5
5223,10
5224,10
5225,7
5226,5
5227,5
5228,1
5229,5
5230,5
5231,8
5232,3
5233,1
5234,1
5235,10
5236,7
5237,1
5238,8
5239,6
5240,8
5241,4
5242,10
5243,6
5244,10
5245,8
5246,5
5247,7
5248,1
5249,10
5250,1
5251,1
5252,7
5253,5
5254,7
5255,7
5256,1
5257,5
5258,10
5259,10
5260,6
5261,10
5262,8
5263,1
5264,1
5265,10
5266,8
5267,10
5268,10
5269,1
5270,10
5271,10
5272,6
5273,1
5274,10
5275,8
5276,5
5277,1
5278,5
5279,8
5280,1
5281,10
5282,6
5283,10
5284,6
5285,10
5286,10
5287,5
5288,1
5289,10
5290,5
5291,8
5292,5
5293,6
5294,10
5295,10
5296,8
5297,7
5298,1
5299,10
5300,10
5301,7
5302,8
5303,8
5304,5
5305,1
5306,10
5307,10
5308,10
5309,1
5310,1
5311,10
5312,2
5313,10
5314,6
5315,8
5316,5
5317,8
5318,1
5319,10
5320,10
5321,10
5322,10
5323,10
5324,10
5325,1
5326,1
5327,8
5328,7
5329,10
5330,5
5331,6
5332,8
5333,1
5334,10
5335,7
5336,8
5337,1
5338,10
5339,10
5340,3
5341,5
5342,10
5343,10
5344,6
5345,8
5346,10
5347,1
5348,7
5349,1
5350,1
5351,7
5352,1
5353,10
5354,7
5355,3
5356,5
5357,10
5358,1
5359,6
5360,1
5361,8
5362,10
5363,5
5364,10
5365,1
5366,3
5367,10
5368,10
5369,10
5370,10
5371,10
5372,8
5373,10
5374,10
5375,7
5376,10
5377,10
5378,7
5379,5
5380,1
5381,10
5382,5
5383,8
5384,6
5385,10
5386,1
5387,3
5388,8
5389,10
5390,10
5391,1
5392,5
5393,10
5394,7
5395,10
5396,1
5397,10
5398,10
5399,6
5400,1
5401,10
5402,10
5403,5
5404,1
5405,8
5406,10
5407,1
5408,1
5409,5
5410,8
5411,6
5412,8
5413,7
5414,6
5415,10
5416,8
5417,10
5418,10
5419,6
5420,6
5421,10
5422,10
5423,10
5424,8
5425,3
5426,8
5427,7
5428,10
5429,10
5430,10
5431,7
5432,5
5433,10
5434,7
5435,5
5436,10
5437,10
5438,1
5439,6
5440,10
5441,10
5442,8
5443,10
5444,1
5445,1
5446,10
5447,10
5448,1
5449,6
5450,6
5451,1
5452,6
5453,6
5454,5
5455,8
5456,10
5457,1
5458,1
5459,6
5460,7
5461,8
5462,8
5463,1
5464,10
5465,1
5466,10
5467,10
5468,10
5469,10
5470,10
5471,1
5472,1
5473,8
5474,8
5475,1
5476,10
5477,10
5478,5
5479,5
5480,10
5481,5
5482,1
5483,10
5484,10
5485,6
5486,6
5487,1
5488,8
5489,8
5490,10
5491,1
5492,10
5493,10
5494,1
5495,2
5496,6
5497,10
5498,7
5499,6
5500,10
5501,10
5502,10
5503,10
5504,10
5505,3
5506,5
5507,8
5508,3
5509,10
5510,8
5511,4
5512,10
5513,5
5514,10
5515,8
5516,6
5517,1
5518,1
5519,1
5520,1
5521,10
5522,10
5523,8
5524,8
5525,10
5526,1
5527,8
5528,5
5529,7
5530,7
5531,6
5532,1
5533,10
5534,10
5535,10
5536,10
5537,1
5538,10
5539,1
5540,6
5541,10
5542,10
5543,0
5544,10
5545,1
5546,1
5547,10
5548,6
5549,10
5550,8
5551,1
5552,1
5553,10
5554,5
5555,6
5556,10
5557,10
5558,8
5559,10
5560,8
5561,1
5562,7
5563,8
5564,10
5565,10
5566,1
5567,8
5568,8
5569,8
5570,8
5571,1
5572,10
5573,5
5574,1
5575,10
5576,6
5577,10
5578,1
5579,8
5580,2
5581,10
5582,6
5583,10
5584,7
5585,4
5586,8
5587,7
5588,10
5589,8
5590,10
5591,10
5592,6
5593,10
5594,10
5595,10
5596,1
5597,8
5598,1
5599,5
5600,10
5601,10
5602,7
5603,1
5604,5
5605,7
5606,1
5607,10
5608,5
5609,6
5610,5
5611,6
5612,10
5613,8
5614,10
5615,1
5616,10
5617,10
5618,1
5619,8
5620,10
5621,10
5622,10
5623,1
5624,7
5625,5
5626,6
5627,10
5628,1
5629,8
5630,10
5631,8
5632,10
5633,1
5634,1
5635,10
5636,6
5637,8
5638,10
5639,10
5640,10
5641,6
5642,10
5643,7
5644,1
5645,10
5646,8
5647,10
5648,7
5649,10
5650,10
5651,1
5652,5
5653,8
5654,10
5655,10
5656,6
5657,10
5658,10
5659,7
5660,7
5661,10
5662,5
5663,2
5664,10
5665,10
5666,8
5667,6
5668,10
5669,6
5670,10
5671,10
5672,10
5673,10
5674,7
5675,1
5676,1
5677,1
5678,6
5679,10
5680,10
5681,7
5682,10
5683,10
5684,6
5685,3
5686,6
5687,7
5688,8
5689,6
5690,10
5691,10
5692,10
5693,1
5694,7
5695,6
5696,7
5697,6
5698,8
5699,1
5700,1
5701,10
5702,5
5703,5
5704,7
5705,10
5706,6
5707,10
5708,10
5709,8
5710,1
5711,10
5712,8
5713,8
5714,7
5715,1
5716,1
5717,10
5718,10
5719,8
5720,8
5721,10
5722,8
5723,10
5724,2
5725,8
5726,8
5727,10
5728,7
5729,6
5730,10
5731,6
5732,3
5733,1
5734,8
5735,10
5736,8
5737,7
5738,1
5739,1
5740,10
5741,10
5742,10
5743,10
5744,10
5745,1
5746,8
5747,1
5748,1
5749,8
5750,10
5751,1
5752,10
5753,5
5754,1
5755,1
5756,1
5757,1
5758,7
5759,10
5760,2
5761,7
5762,10
5763,6
5764,8
5765,10
5766,5
5767,7
5768,8
5769,10
5770,4
5771,8
5772,8
5773,10
5774,1
5775,8
5776,1
5777,5
5778,1
5779,10
5780,10
5781,8
5782,6
5783,10
5784,8
5785,6
5786,7
5787,1
5788,1
5789,0
5790,10
5791,1
5792,8
5793,1
5794,10
5795,1
5796,5
5797,10
5798,8
5799,7
5800,7
5801,10
5802,8
5803,10
5804,10
5805,10
5806,7
5807,10
5808,10
5809,1
5810,5
5811,8
5812,8
5813,1
5814,8
5815,8
5816,8
5817,5
5818,10
5819,6
5820,10
5821,10
5822,6
5823,8
5824,6
5825,1
5826,10
5827,6
5828,10
5829,8
5830,6
5831,1
5832,10
5833,10
5834,1
5835,6
5836,7
5837,10
5838,1
5839,1
5840,10
5841,10
5842,10
5843,10
5844,5
5845,7
5846,8
5847,10
5848,1
5849,6
5850,5
5851,0
5852,1
5853,8
5854,7
5855,1
5856,8
5857,8
5858,8
5859,10
5860,5
5861,10
5862,8
5863,10
5864,7
5865,6
5866,10
5867,6
5868,5
5869,1
5870,6
5871,10
5872,10
5873,7
5874,1
5875,10
5876,1
5877,10
5878,7
5879,5
5880,10
5881,5
5882,3
5883,10
5884,10
5885,6
5886,10
5887,10
5888,8
5889,10
5890,8
5891,8
5892,10
5893,7
5894,7
5895,5
5896,10
5897,7
5898,1
5899,10
5900,7
5901,10
5902,7
5903,1
5904,10
5905,5
5906,1
5907,5
5908,1
5909,8
5910,8
5911,1
5912,10
5913,8
5914,10
5915,10
5916,5
5917,8
5918,3
5919,1
5920,7
5921,7
5922,1
5923,1
5924,1
5925,8
5926,10
5927,11
5928,7
5929,1
5930,1
5931,7
5932,10
5933,8
5934,10
5935,8
5936,10
5937,10
5938,1
5939,10
5940,1
5941,10
5942,10
5943,10
5944,5
5945,10
5946,1
5947,5
5948,10
5949,5
5950,10
5951,2
5952,10
5953,10
5954,5
5955,10
5956,5
5957,10
5958,6
5959,5
5960,1
5961,10
5962,10
5963,7
5964,8
5965,7
5966,10
5967,6
5968,2
5969,8
5970,8
5971,1
5972,8
5973,8
5974,10
5975,8
5976,10
5977,1
5978,6
5979,6
5980,10
5981,10
5982,8
5983,8
5984,10
5985,10
5986,8
5987,10
5988,10
5989,8
5990,8
5991,10
5992,8
5993,10
5994,10
5995,10
5996,10
5997,10
5998,3
5999,10
6000,1
6001,10
6002,10
6003,8
6004,10
6005,10
6006,8
6007,7
6008,8
6009,1
6010,6
6011,10
6012,10
6013,8
6014,5
6015,8
6016,7
6017,2
6018,10
6019,1
6020,1
6021,10
6022,10
6023,10
6024,7
6025,6
6026,6
6027,10
6028,8
6029,10
6030,5
6031,1
6032,10
6033,10
6034,8
6035,10
6036,10
6037,5
6038,10
6039,10
6040,10
6041,2
6042,1
6043,5
6044,5
6045,8
6046,1
6047,1
6048,10
6049,8
6050,10
6051,7
6052,8
6053,7
6054,1
6055,8
6056,1
6057,1
6058,6
6059,8
6060,1
6061,5
6062,1
6063,5
6064,1
6065,8
6066,8
6067,1
6068,5
6069,1
6070,8
6071,10
6072,1
6073,10
6074,8
6075,10
6076,10
6077,10
6078,1
6079,1
6080,1
6081,1
6082,8
6083,1
6084,7
6085,10
6086,7
6087,10
6088,7
6089,10
6090,10
6091,6
6092,5
6093,8
6094,5
6095,1
6096,1
6097,7
6098,8
6099,7
6100,5
6101,1
6102,10
6103,3
6104,1
6105,8
6106,1
6107,1
6108,1
6109,7
6110,5
6111,6
6112,10
6113,10
6114,7
6115,5
6116,8
6117,10
6118,6
6119,7
6120,5
6121,10
6122,8
6123,8
6124,10
6125,1
6126,10
6127,10
6128,1
6129,6
6130,10
6131,1
6132,1
6133,10
6134,8
6135,7
6136,5
6137,10
6138,8
6139,8
6140,1
6141,5
6142,6
6143,10
6144,10
6145,10
6146,7
6147,1
6148,8
6149,10
6150,7
6151,8
6152,1
6153,1
6154,1
6155,5
6156,1
6157,8
6158,1
6159,10
6160,6
6161,5
6162,5
6163,1
6164,10
6165,5
6166,1
6167,8
6168,8
6169,8
6170,7
6171,10
6172,5
6173,10
6174,8
6175,10
6176,5
6177,3
6178,2
6179,10
6180,10
6181,8
6182,8
6183,5
6184,1
6185,1
6186,5
6187,8
6188,10
6189,8
6190,6
6191,10
6192,7
6193,8
6194,8
6195,1
6196,10
6197,7
6198,10
6199,10
6200,1
6201,1
6202,8
6203,7
6204,1
6205,10
6206,8
6207,1
6208,10
6209,8
6210,7
6211,1
6212,5
6213,8
6214,10
6215,1
6216,10
6217,10
6218,8
6219,5
6220,10
6221,6
6222,8
6223,3
6224,5
6225,7
6226,10
6227,10
6228,1
6229,5
6230,7
6231,8
6232,8
6233,1
6234,1
6235,10
6236,8
6237,10
6238,7
6239,1
6240,8
6241,10
6242,5
6243,8
6244,10
6245,5
6246,1
6247,10
6248,1
6249,1
6250,1
6251,8
6252,10
6253,1
6254,6
6255,10
6256,6
6257,8
6258,1
6259,5
6260,1
6261,10
6262,8
6263,5
6264,10
6265,10
6266,8
6267,1
6268,6
6269,10
6270,5
6271,8
6272,6
6273,1
6274,10
6275,5
6276,8
6277,10
6278,5
6279,8
6280,5
6281,8
6282,1
6283,1
6284,10
6285,8
6286,8
6287,6
6288,10
6289,10
6290,8
6291,2
6292,8
6293,10
6294,1
6295,1
6296,10
6297,5
6298,7
6299,10
6300,10
6301,5
6302,10
6303,10
6304,10
6305,8
6306,1
6307,7
6308,6
6309,5
6310,10
6311,10
6312,8
6313,7
6314,8
6315,7
6316,7
6317,7
6318,7
6319,8
6320,10
6321,10
6322,1
6323,1
6324,1
6325,7
6326,5
6327,1
6328,6
6329,10
6330,1
6331,10
6332,10
6333,8
6334,8
6335,9
6336,10
6337,7
6338,10
6339,1
6340,10
6341,1
6342,8
6343,1
6344,5
6345,1
6346,10
6347,6
6348,1
6349,1
6350,5
6351,10
6352,10
6353,8
6354,10
6355,8
6356,8
6357,7
6358,6
6359,5
6360,1
6361,6
6362,10
6363,8
6364,8
6365,8
6366,6
6367,1
6368,1
6369,1
6370,3
6371,5
6372,10
6373,8
6374,8
6375,8
6376,10
6377,1
6378,5
6379,1
6380,6
6381,10
6382,5
6383,10
6384,10
6385,6
6386,6
6387,5
6388,3
6389,10
6390,1
6391,8
6392,1
6393,1
6394,1
6395,10
6396,8
6397,10
6398,2
6399,2
6400,10
6401,2
6402,6
6403,7
6404,10
6405,8
6406,10
6407,10
6408,1
6409,1
6410,10
6411,10
6412,7
6413,6
6414,1
6415,8
6416,7
6417,5
6418,10
6419,10
6420,2
6421,10
6422,8
6423,8
6424,4
6425,1
6426,10
6427,10
6428,10
6429,10
6430,8
6431,5
6432,10
6433,2
6434,7
6435,10
6436,10
6437,8
6438,8
6439,8
6440,2
6441,1
6442,10
6443,1
6444,8
6445,1
6446,10
6447,10
6448,10
6449,4
6450,10
6451,8
6452,5
6453,10
6454,10
6455,10
6456,1
6457,10
6458,8
6459,6
6460,2
6461,6
6462,10
6463,1
6464,10
6465,10
6466,6
6467,2
6468,1
6469,8
6470,10
6471,5
6472,1
6473,1
6474,1
6475,10
6476,10
6477,1
6478,3
6479,10
6480,5
6481,1
6482,6
6483,6
6484,6
6485,10
6486,7
6487,1
6488,5
6489,1
6490,7
6491,10
6492,1
6493,10
6494,5
6495,7
6496,1
6497,4
6498,1
6499,1
6500,7
6501,8
6502,1
6503,8
6504,8
6505,5
6506,5
6507,1
6508,6
6509,10
6510,1
6511,5
6512,10
6513,10
6514,10
6515,8
6516,6
6517,6
6518,10
6519,6
6520,10
6521,8
6522,10
6523,3
6524,8
6525,1
6526,5
6527,8
6528,5
6529,8
6530,10
6531,10
6532,10
6533,1
6534,8
6535,8
6536,10
6537,10
6538,1
6539,5
6540,8
6541,8
6542,1
6543,5
6544,10
6545,10
6546,10
6547,8
6548,10
6549,1
6550,8
6551,10
6552,8
6553,1
6554,5
6555,1
6556,6
6557,10
6558,6
6559,10
6560,1
6561,5
6562,1
6563,5
6564,10
6565,10
6566,8
6567,1
6568,8
6569,4
6570,5
6571,5
6572,1
6573,10
6574,10
6575,8
6576,10
6577,6
6578,8
6579,1
6580,10
6581,1
6582,7
6583,10
6584,7
6585,10
6586,7
6587,10
6588,1
6589,8
6590,10
6591,10
6592,10
6593,7
6594,1
6595,10
6596,1
6597,5
6598,1
6599,10
6600,8
6601,10
6602,7
6603,10
6604,6
6605,10
6606,10
6607,1
6608,10
6609,8
6610,10
6611,10
6612,1
6613,7
6614,2
6615,8
6616,7
6617,7
6618,10
6619,7
6620,7
6621,1
6622,8
6623,10
6624,10
6625,8
6626,8
6627,8
6628,10
6629,1
6630,10
6631,10
6632,7
6633,1
6634,5
6635,6
6636,10
6637,5
6638,6
6639,1
6640,10
6641,7
6642,10
6643,8
6644,6
6645,10
6646,1
6647,10
6648,10
6649,6
6650,7
6651,8
6652,10
6653,1
6654,8
6655,8
6656,8
6657,8
6658,7
6659,10
6660,2
6661,1
6662,6
6663,10
6664,5
6665,6
6666,8
6667,8
6668,1
6669,10
6670,10
6671,7
6672,8
6673,6
6674,10
6675,10
6676,10
6677,7
6678,10
6679,1
6680,5
6681,5
6682,1
6683,8
6684,5
6685,2
6686,6
6687,10
6688,7
6689,1
6690,10
6691,6
6692,1
6693,6
6694,1
6695,1
6696,1
6697,6
6698,7
6699,10
6700,1
6701,5
6702,5
6703,10
6704,7
6705,10
6706,8
6707,8
6708,10
6709,10
6710,5
6711,1
6712,10
6713,10
6714,7
6715,10
6716,10
6717,5
6718,5
6719,1
6720,7
6721,3
6722,8
6723,1
6724,10
6725,2
6726,10
6727,10
6728,1
6729,1
6730,8
6731,1
6732,8
6733,6
6734,5
6735,10
6736,10
6737,6
6738,8
6739,10
6740,1
6741,5
6742,10
6743,10
6744,8
6745,7
6746,8
6747,1
6748,7
6749,10
6750,10
6751,7
6752,10
6753,8
6754,1
6755,5
6756,10
6757,7
6758,5
6759,8
6760,8
6761,1
6762,8
6763,1
6764,6
6765,8
6766,10
6767,8
6768,10
6769,1
6770,5
6771,8
6772,10
6773,8
6774,6
6775,5
6776,10
6777,8
6778,1
6779,5
6780,1
6781,10
6782,10
6783,10
6784,10
6785,6
6786,9
6787,1
6788,10
6789,8
6790,1
6791,8
6792,10
6793,10
6794,5
6795,7
6796,8
6797,7
6798,7
6799,1
6800,7
6801,5
6802,10
6803,4
6804,8
6805,5
6806,10
6807,8
6808,1
6809,10
6810,1
6811,10
6812,10
6813,8
6814,5
6815,10
6816,7
6817,1
6818,2
6819,7
6820,8
6821,1
6822,10
6823,10
6824,8
6825,7
6826,10
6827,10
6828,10
6829,3
6830,6
6831,1
6832,10
6833,8
6834,10
6835,7
6836,2
6837,7
6838,10
6839,8
6840,10
6841,5
6842,6
6843,7
6844,8
6845,8
6846,10
6847,8
6848,1
6849,8
6850,1
6851,6
6852,1
6853,7
6854,8
6855,8
6856,10
6857,3
6858,1
6859,2
6860,1
6861,1
6862,10
6863,8
6864,1
6865,1
6866,10
6867,10
6868,6
6869,5
6870,8
6871,1
6872,6
6873,10
6874,1
6875,8
6876,6
6877,10
6878,10
6879,10
6880,6
6881,10
6882,10
6883,1
6884,1
6885,8
6886,10
6887,5
6888,8
6889,10
6890,1
6891,1
6892,10
6893,6
6894,10
6895,7
6896,8
6897,10
6898,6
6899,1
6900,1
6901,6
6902,10
6903,1
6904,5
6905,10
6906,10
6907,10
6908,6
6909,6
6910,6
6911,10
6912,4
6913,1
6914,10
6915,10
6916,8
6917,8
6918,10
6919,10
6920,10
6921,7
6922,1
6923,10
6924,1
6925,8
6926,1
6927,2
6928,10
6929,6
6930,10
6931,10
6932,1
6933,10
6934,6
6935,1
6936,7
6937,1
6938,10
6939,7
6940,10
6941,1
6942,7
6943,6
6944,2
6945,7
6946,1
6947,10
6948,10
6949,10
6950,1
6951,1
6952,8
6953,5
6954,7
6955,1
6956,10
6957,1
6958,5
6959,10
6960,1
6961,10
6962,1
6963,8
6964,10
6965,1
6966,1
6967,7
6968,5
6969,10
6970,4
6971,8
6972,1
6973,5
6974,8
6975,10
6976,5
6977,8
6978,7
6979,7
6980,8
6981,10
6982,1
6983,10
6984,10
6985,8
6986,1
6987,5
6988,6
6989,1
6990,6
6991,10
6992,7
6993,10
6994,10
6995,1
6996,8
6997,8
6998,8
6999,6
7000,1
7001,10
7002,8
7003,10
7004,8
7005,2
7006,10
7007,8
7008,7
7009,1
7010,7
7011,10
7012,5
7013,10
7014,2
7015,7
7016,5
7017,10
7018,10
7019,10
7020,8
7021,5
7022,10
7023,1
7024,8
7025,10
7026,6
7027,10
7028,10
7029,1
7030,3
7031,5
7032,1
7033,10
7034,8
7035,1
7036,6
7037,8
7038,8
7039,7
7040,10
7041,6
7042,1
7043,7
7044,10
7045,1
7046,7
7047,1
7048,7
7049,5
7050,10
7051,10
7052,10
7053,7
7054,1
7055,8
7056,10
7057,10
7058,5
7059,8
7060,1
7061,5
7062,8
7063,1
7064,10
7065,5
7066,5
7067,10
7068,8
7069,7
7070,10
7071,10
7072,3
7073,10
7074,8
7075,10
7076,3
7077,10
7078,7
7079,5
7080,10
7081,10
7082,7
7083,6
7084,3
7085,10
7086,8
7087,6
7088,7
7089,10
7090,10
7091,10
7092,10
7093,10
7094,6
7095,3
7096,6
7097,7
7098,10
7099,6
7100,1
7101,10
7102,10
7103,1
7104,10
7105,8
7106,10
7107,8
7108,10
7109,1
7110,8
7111,1
7112,10
7113,8
7114,7
7115,1
7116,6
7117,8
7118,10
7119,8
7120,8
7121,1
7122,8
7123,5
7124,1
7125,10
7126,10
7127,1
7128,8
7129,10
7130,10
7131,6
7132,1
7133,2
7134,5
7135,1
7136,1
7137,5
7138,10
7139,8
7140,10
7141,8
7142,10
7143,10
7144,8
7145,10
7146,2
7147,3
7148,6
7149,10
7150,5
7151,1
7152,6
7153,10
7154,5
7155,3
7156,8
7157,4
7158,10
7159,3
7160,8
7161,1
7162,10
7163,10
7164,6
7165,10
7166,5
7167,5
7168,10
7169,10
7170,8
7171,1
7172,8
7173,10
7174,7
7175,1
7176,10
7177,5
7178,10
7179,10
7180,8
7181,8
7182,8
7183,7
7184,1
7185,10
7186,7
7187,5
7188,1
7189,1
7190,10
7191,10
7192,3
7193,1
7194,10
7195,5
7196,6
7197,1
7198,6
7199,5
7200,10
7201,1
7202,6
7203,10
7204,9
7205,10
7206,8
7207,3
7208,10
7209,1
7210,10
7211,6
7212,1
7213,10
7214,1
7215,10
7216,10
7217,8
7218,10
7219,10
7220,7
7221,1
7222,10
7223,2
7224,10
7225,10
7226,3
7227,5
7228,10
7229,1
7230,1
7231,8
7232,10
7233,10
7234,10
7235,8
7236,1
7237,5
7238,10
7239,9
7240,8
7241,10
7242,8
7243,1
7244,10
7245,8
7246,8
7247,1
7248,10
7249,7
7250,8
7251,8
7252,10
7253,6
7254,10
7255,7
7256,7
7257,10
7258,7
7259,3
7260,8
7261,1
7262,8
7263,10
7264,8
7265,2
7266,6
7267,1
7268,10
7269,1
7270,1
7271,5
7272,1
7273,10
7274,10
7275,10
7276,10
7277,8
7278,10
7279,10
7280,10
7281,5
7282,1
7283,6
7284,5
7285,7
7286,10
7287,7
7288,1
7289,5
7290,8
7291,5
7292,1
7293,8
7294,10
7295,10
7296,8
7297,10
7298,1
7299,10
7300,5
7301,10
7302,7
7303,8
7304,8
7305,10
7306,10
7307,7
7308,10
7309,5
7310,6
7311,10
7312,10
7313,10
7314,1
7315,10
7316,10
7317,8
7318,1
7319,6
7320,7
7321,10
7322,7
7323,5
7324,8
7325,8
7326,10
7327,1
7328,5
7329,10
7330,7
7331,10
7332,6
7333,1
7334,1
7335,10
7336,9
7337,10
7338,7
7339,1
7340,3
7341,6
7342,8
7343,10
7344,7
7345,7
7346,10
7347,8
7348,6
7349,3
7350,1
7351,10
7352,5
7353,1
7354,1
7355,2
7356,7
7357,10
7358,8
7359,6
7360,7
7361,1
7362,10
7363,10
7364,1
7365,10
7366,8
7367,10
7368,10
7369,6
7370,10
7371,10
7372,1
7373,1
7374,5
7375,6
7376,8
7377,1
7378,10
7379,8
7380,7
7381,7
7382,8
7383,5
7384,5
7385,8
7386,10
7387,5
7388,10
7389,1
7390,10
7391,10
7392,1
7393,1
7394,6
7395,6
7396,10
7397,8
7398,7
7399,1
7400,8
7401,10
7402,1
7403,6
7404,10
7405,8
7406,6
7407,1
7408,1
7409,6
7410,10
7411,10
7412,10
7413,10
7414,7
7415,10
7416,5
7417,8
7418,6
7419,7
7420,10
7421,8
7422,10
7423,10
7424,5
7425,10
7426,7
7427,10
7428,10
7429,10
7430,2
7431,10
7432,1
7433,10
7434,10
7435,2
7436,6
7437,1
7438,0
7439,5
7440,7
7441,5
7442,8
7443,1
7444,7
7445,1
7446,10
7447,1
7448,7
7449,8
7450,8
7451,8
7452,1
7453,8
7454,10
7455,1
7456,10
7457,8
7458,7
7459,10
7460,10
7461,10
7462,5
7463,8
7464,10
7465,1
7466,10
7467,10
7468,10
7469,1
7470,10
7471,10
7472,7
7473,10
7474,10
7475,10
7476,10
7477,8
7478,10
7479,1
7480,10
7481,8
7482,10
7483,1
7484,10
7485,0
7486,6
7487,1
7488,10
7489,3
7490,1
7491,10
7492,8
7493,5
7494,10
7495,8
7496,6
7497,7
7498,8
7499,1
7500,10
7501,10
7502,10
7503,1
7504,10
7505,10
7506,1
7507,5
7508,1
7509,10
7510,10
7511,7
7512,8
7513,10
7514,8
7515,8
7516,10
7517,8
7518,10
7519,10
7520,1
7521,10
7522,1
7523,1
7524,1
7525,5
7526,10
7527,10
7528,2
7529,8
7530,10
7531,6
7532,1
7533,10
7534,1
7535,7
7536,10
7537,10
7538,8
7539,10
7540,10
7541,1
7542,5
7543,1
7544,5
7545,1
7546,8
7547,10
7548,10
7549,10
7550,1
7551,8
7552,5
7553,8
7554,1
7555,2
7556,8
7557,10
7558,10
7559,5
7560,5
7561,8
7562,8
7563,10
7564,1
7565,1
7566,7
7567,1
7568,10
7569,8
7570,10
7571,10
7572,5
7573,1
7574,10
7575,10
7576,10
7577,10
7578,8
7579,1
7580,1
7581,1
7582,6
7583,7
7584,5
7585,8
7586,1
7587,8
7588,8
7589,5
7590,8
7591,1
7592,7
7593,8
7594,10
7595,1
7596,8
7597,6
7598,10
7599,8
7600,6
7601,7
7602,6
7603,1
7604,10
7605,8
7606,1
7607,7
7608,10
7609,10
7610,7
7611,1
7612,10
7613,10
7614,9
7615,10
7616,10
7617,8
7618,6
7619,1
7620,5
7621,1
7622,8
7623,2
7624,1
7625,8
7626,8
7627,1
7628,1
7629,10
7630,1
7631,10
7632,7
7633,10
7634,10
7635,10
7636,8
7637,10
7638,1
7639,10
7640,10
7641,1
7642,8
7643,6
7644,10
7645,6
7646,8
7647,10
7648,10
7649,10
7650,5
7651,10
7652,5
7653,10
7654,10
7655,8
7656,5
7657,6
7658,1
7659,1
7660,1
7661,10
7662,10
7663,1
7664,1
7665,10
7666,10
7667,10
7668,10
7669,2
7670,7
7671,10
7672,10
7673,8
7674,8
7675,1
7676,8
7677,10
7678,1
7679,1
7680,8
7681,10
7682,5
7683,10
7684,10
7685,10
7686,8
7687,10
7688,10
7689,1
7690,10
7691,10
7692,1
7693,7
7694,10
7695,8
7696,1
7697,5
7698,8
7699,10
7700,10
7701,10
7702,10
7703,5
7704,10
7705,1
7706,7
7707,6
7708,8
7709,1
7710,6
7711,6
7712,8
7713,8
7714,1
7715,10
7716,10
7717,10
7718,10
7719,10
7720,5
7721,10
7722,6
7723,10
7724,10
7725,6
7726,6
7727,8
7728,1
7729,5
7730,8
7731,1
7732,10
7733,7
7734,7
7735,7
7736,10
7737,6
7738,10
7739,8
7740,2
7741,10
7742,10
7743,1
7744,6
7745,5
7746,10
7747,1
7748,5
7749,6
7750,6
7751,1
7752,1
7753,7
7754,5
7755,1
7756,10
7757,7
7758,10
7759,5
7760,1
7761,6
7762,10
7763,10
7764,10
7765,10
7766,5
7767,10
7768,10
7769,10
7770,10
7771,1
7772,1
7773,8
7774,10
7775,6
7776,1
7777,10
7778,1
7779,2
7780,10
7781,8
7782,10
7783,10
7784,5
7785,5
7786,5
7787,1
7788,7
7789,6
7790,10
7791,8
7792,7
7793,6
7794,7
7795,6
7796,8
7797,10
7798,5
7799,8
